{
  "minecraft:recipes/building_blocks/quartz_stairs": {
    "criteria": {
      "has_quartz_block": "2018-05-20 21:40:02 +0200"
    },
    "done": true
  },
  "minecraft:recipes/building_blocks/quartz_slab": {
    "criteria": {
      "has_quartz_block": "2018-05-20 21:40:02 +0200"
    },
    "done": true
  },
  "minecraft:recipes/building_blocks/pillar_quartz_block": {
    "criteria": {
      "has_quartz_block": "2018-05-20 21:40:02 +0200"
    },
    "done": true
  },
  "minecraft:recipes/building_blocks/chiseled_quartz_block": {
    "criteria": {
      "has_quartz_block": "2018-05-20 21:40:02 +0200"
    },
    "done": true
  },
  "minecraft:adventure/adventuring_time": {
    "criteria": {
      "forest": "2018-05-20 21:40:18 +0200",
      "forest_hills": "2018-05-20 21:40:02 +0200",
      "birch_forest_hills": "2018-05-20 21:40:21 +0200",
      "river": "2018-05-20 21:40:19 +0200"
    },
    "done": false
  }
}